id,name,category,barcode,price,stock,min_stock,active,created_at,updated_at,store_id,online_stock,last_online_stock_update,weight,length,height,width,product_type,image_url,price_varejo,price_atacado,price_atacarejo,referencia,medidas,colors,sizes,slug,short_description,tags,featured,composition,care,measurements,returns_policy,show_on_website,is_launch,is_sale,video_url
e7ec203b-9a2b-48a7-a859-035433ac6b50,CARTEIRA N1,null,CR01,0,10,0,true,2026-01-14 16:44:44.696342+00,2026-02-24 19:17:30.549508+00,null,0,null,null,null,null,null,variable,null,null,null,null,null,null,null,null,carteira-n1,null,[],false,null,null,null,null,false,false,false,null
a164f0ce-240b-4b99-9213-21d2771674df,CARTEIRA N6,null,CR06,0,9,0,true,2026-01-14 16:44:44.696342+00,2026-02-24 19:17:30.549508+00,null,0,null,null,null,null,null,variable,null,null,null,null,null,null,null,null,carteira-n6,null,[],false,null,null,null,null,false,false,false,null
d02be006-259d-4e12-9791-3f0789e370a6,CALÇA JEANS SLIN CS19,CALÇA JEANS SLIM,CS19,169.9,3,20,true,2026-02-07 22:22:00.05134+00,2026-02-24 19:17:30.549508+00,1fa90f00-cf02-4a42-8167-c599537c22bb,0,null,0.2,20,20,20,variable,null,169.9,109.9,99.9,CS19,null,null,null,cala-jeans-slin-cs19,null,[],false,null,null,null,null,false,false,false,null
6f2ee86b-445d-4fd3-b1f1-1b0f3b95a61c,CALÇA JEANS SLIN CS06,CALÇA JEANS SLIM,CS06,169.9,1,20,true,2026-01-07 11:54:24.439593+00,2026-02-24 19:17:30.549508+00,1fa90f00-cf02-4a42-8167-c599537c22bb,0,null,0.4,20,20,20,variable,,169.9,109.9,99.9,CS06,null,[],[],cala-jeans-slin-cs06,null,[],false,null,null,null,null,false,false,false,null
2b090858-434e-4b37-9328-bd6b07a36840,SAPATO 18 - AVULSO,SAPATOS,SAP1837,349.9,2,10,true,2026-01-19 16:16:29.740912+00,2026-02-24 19:17:30.549508+00,1fa90f00-cf02-4a42-8167-c599537c22bb,0,null,0.35,30,20,20,simple,,349.9,299.9,299.9,SAP1837,null,[],[],sapato-18-avulso,null,[],false,null,null,null,null,false,false,false,null
c136eedd-05b9-47bb-a141-526a67f85de5,Camiseta Básica Extra,CAMISETA BÁSICA,CBE001,119.9,16,30,true,2026-01-05 14:26:46.887554+00,2026-02-24 19:17:30.549508+00,1fa90f00-cf02-4a42-8167-c599537c22bb,0,null,0.4,20,20,20,variable,,119.9,79.9,69.9,CBE001,null,[],[],camiseta-bsica-extra,null,[],false,null,null,null,null,false,false,false,null
e64bb935-d1a6-4f42-b694-c681f042ce17,SAPATO 12 - OSSO,SAPATOS,SAP12,349.9,2,10,true,2026-01-19 14:36:58.333902+00,2026-02-24 19:17:30.549508+00,1fa90f00-cf02-4a42-8167-c599537c22bb,0,null,0.35,30,20,20,variable,,349.9,299.9,299.9,SAP12,null,[],[],sapato-12-osso,null,[],false,null,null,null,null,false,false,false,null
93527b37-6acf-4bdf-8513-9fd0144332e9,GOLA MÉDIA TEXTURIZADA,GOLA MÉDIA,GMT001,109.9,111,45,true,2026-01-05 17:00:55.720987+00,2026-02-24 19:17:30.549508+00,1fa90f00-cf02-4a42-8167-c599537c22bb,0,null,0.2,20,20,20,variable,,109.9,79.9,69.9,GMT001,null,[],[],gola-mdia-texturizada,null,[],false,null,null,null,null,false,false,false,null
aee5086a-e45e-461d-9f19-42ab4ab27d12,CALÇA JEANS SLIN CS09,CALÇA JEANS SLIM,CS09,169.9,35,20,true,2026-01-07 12:25:36.94401+00,2026-02-24 19:17:30.549508+00,1fa90f00-cf02-4a42-8167-c599537c22bb,0,null,0.4,20,20,20,variable,,169.9,109.9,99.9,CS09,null,[],[],cala-jeans-slin-cs09,null,[],false,null,null,null,null,false,false,false,null
3b26d382-0214-4e6b-90fc-b456307a743c,GOLA POLO VERSAILES,GOLA POLO,GPV001,119.9,211,40,true,2026-01-05 20:02:51.333917+00,2026-02-24 19:17:30.549508+00,1fa90f00-cf02-4a42-8167-c599537c22bb,0,null,0.2,20,20,20,variable,,119.9,89.9,79.9,GPV001,null,[],[],gola-polo-versailes,null,[],false,null,null,null,null,false,false,false,null
eb66d52f-71dc-44a6-8cca-eb7867459b01,GOLA PADRE,GOLA POLO,GPD001,99.9,99,140,true,2026-01-05 17:34:51.357499+00,2026-02-24 19:17:30.549508+00,1fa90f00-cf02-4a42-8167-c599537c22bb,0,null,0.2,20,20,20,variable,,99.9,69.9,59.9,GPD001,null,[],[],gola-padre,null,[],false,null,null,null,null,false,false,false,null
bb4aa49a-67ad-4b31-89b6-4acab0a988a3,SAPATO 04 -  OFF,SAPATOS,SAP04,349.9,5,10,true,2026-01-19 18:25:12.327078+00,2026-02-24 19:17:30.549508+00,1fa90f00-cf02-4a42-8167-c599537c22bb,0,null,0.35,30,20,20,variable,,349.9,299.9,299.9,SAP04,null,[],[],sapato-04-off,null,[],false,null,null,null,null,false,false,false,null
46a0a726-1ebb-4586-8175-8f8f75e72406,CAMISA MANGA LONGA TECNOLOGIA,CAMISA MANGA LONGA,CMLT01,169.9,43,45,true,2026-01-06 15:19:01.170234+00,2026-02-24 19:17:30.549508+00,1fa90f00-cf02-4a42-8167-c599537c22bb,0,null,0.2,20,20,20,variable,,169.9,109.9,99.9,CMLT01,null,[],[],camisa-manga-longa-tecnologia,null,[],false,null,null,null,null,false,false,false,null
97837d95-3244-4ffd-8f68-db48fa6eb543,GOLA POLO VIENA,GOLA POLO,GPZ001,109.9,379,160,true,2026-01-05 14:32:16.402405+00,2026-02-24 19:17:30.549508+00,1fa90f00-cf02-4a42-8167-c599537c22bb,0,null,0.3,20,20,20,variable,,119.9,79.9,69.9,GPZ001,null,[],[],gola-polo-viena,null,[],false,null,null,null,null,false,false,false,null
d3520530-28c9-4ee6-8e6a-51b3c6124303,SHORT SHEP,SHORT,SHEP,149.9,6,30,true,2026-02-10 14:55:09.2344+00,2026-02-24 19:08:02.382088+00,1fa90f00-cf02-4a42-8167-c599537c22bb,0,null,0.2,20,20,20,variable,null,149.9,129.9,119.9,SHEP,null,null,null,short-shep,null,[],false,null,null,null,null,true,true,false,null
99d82984-9e49-4671-8b6c-18cc68d83158,BONÉ 01,BONÉS,BNE01,89.9,2,5,true,2026-01-09 17:42:34.854612+00,2026-02-24 19:08:35.893857+00,1fa90f00-cf02-4a42-8167-c599537c22bb,0,null,0.2,20,20,20,simple,,79.9,69.9,59.9,BNE01,null,[],[],bone-01,null,[],false,null,null,null,null,true,true,false,null
49bf1ad0-67d0-407d-8daf-acba34680d10,CALÇA SOCIAL DE REGULAGEM,CALÇA SOCIAL,CSR01,259.9,20,30,true,2026-01-09 17:33:41.94201+00,2026-02-24 19:17:30.549508+00,1fa90f00-cf02-4a42-8167-c599537c22bb,0,null,0.4,20,20,20,variable,,259.9,209.9,199.9,CSR01,null,[],[],cala-social-de-regulagem,null,[],false,null,null,null,null,false,false,false,null
923e60bd-86d5-43ce-b3e3-5ff8fc4c8790,CALÇA SOCIAL DE MOLETIN,CALÇA SOCIAL,CAM01,269.9,3,20,true,2026-01-13 19:04:47.779215+00,2026-02-24 19:17:30.549508+00,1fa90f00-cf02-4a42-8167-c599537c22bb,0,null,0.3,20,20,20,variable,,269.9,209.9,199.9,CAM01,null,[],[],cala-social-de-moletin,null,[],false,null,null,null,null,false,false,false,null
0781833f-1fd4-411f-a347-400e946cb75d,BERMUDA JEANS BJ01,BERMUDA JEANS,BJ01,109.9,139,20,true,2026-01-07 18:21:45.274231+00,2026-02-24 19:17:30.549508+00,1fa90f00-cf02-4a42-8167-c599537c22bb,0,null,0.3,20,20,20,variable,,109.9,79.9,69.9,BJ01,null,[],[],bermuda-jeans-bj01,null,[],false,null,null,null,null,false,false,false,null
4c6a1fe9-4a9f-4145-b684-fbfc88e562d7,SAPATO 17 - AVULSO,SAPATOS,SAP1737,349.9,1,10,true,2026-01-19 16:15:44.32572+00,2026-02-24 19:17:30.549508+00,1fa90f00-cf02-4a42-8167-c599537c22bb,0,null,0.35,30,20,20,simple,,349.9,299.9,299.9,SAP1639,null,[],[],sapato-17-avulso,null,[],false,null,null,null,null,false,false,false,null
76087b3d-9a5c-4ed4-b22a-a1c99dc3f4b5,ps4,ASSESSÓRIOS,ps4gamer,200,600,30,true,2026-01-28 20:53:21.392649+00,2026-02-24 19:17:30.549508+00,1fa90f00-cf02-4a42-8167-c599537c22bb,0,null,1,1,1,1,variable,null,180,160,150,gamerref,null,null,null,ps4,null,[],false,null,null,null,null,false,false,false,null
f5606172-4c7d-4ce5-85d1-63f9899ceda0,CAMISA MANGA LONGA,CAMISA MANGA LONGA,CML01,169.9,704,260,true,2026-01-06 20:40:53.716282+00,2026-02-24 19:17:30.549508+00,1fa90f00-cf02-4a42-8167-c599537c22bb,0,null,0.2,20,20,20,variable,,169.9,109.9,99.9,CML01,null,[],[],camisa-manga-longa,null,[],false,null,null,null,null,false,false,false,null
0ac7c001-8181-4d4a-a4ee-aca6a0b24796,CALÇA JEANS SLIN CS10,CALÇA JEANS SLIM,CS10,169.9,41,20,true,2026-01-07 11:58:34.888863+00,2026-02-24 19:17:30.549508+00,1fa90f00-cf02-4a42-8167-c599537c22bb,0,null,0.4,20,20,20,variable,,169.9,109.9,99.9,CS10,null,[],[],cala-jeans-slin-cs10,null,[],false,null,null,null,null,false,false,false,null
981f6fc9-541b-4611-be78-6ec35ce48958,SAPATO 19- AVULSO,SAPATOS,SAP1938,349.9,3,10,true,2026-01-19 16:21:57.229099+00,2026-02-24 19:17:30.549508+00,1fa90f00-cf02-4a42-8167-c599537c22bb,0,null,0.35,30,20,20,simple,,349.9,299.9,299.9,SAP1938,null,[],[],sapato-19-avulso,null,[],false,null,null,null,null,false,false,false,null
9fd4e27e-4755-4e5c-a8bb-263382e2f6d4,CALÇA JEANS SLIN CS15,CALÇA JEANS SLIM,CS15,169.9,4,20,true,2026-01-07 12:51:28.0209+00,2026-02-24 19:17:30.549508+00,1fa90f00-cf02-4a42-8167-c599537c22bb,0,null,0.4,20,20,20,variable,,169.9,109.9,99.9,CS15,null,[],[],cala-jeans-slin-cs15,null,[],false,null,null,null,null,false,false,false,null
6789e68f-61a1-4920-a060-113e2c98ae99,BERMUDA JEANS BJ08,BERMUDA JEANS,BJ08,109.9,1,20,true,2026-01-07 19:52:27.227079+00,2026-02-24 19:17:30.549508+00,1fa90f00-cf02-4a42-8167-c599537c22bb,0,null,0.3,20,20,20,variable,,109.9,79.9,69.9,BJ08,null,[],[],bermuda-jeans-bj08,null,[],false,null,null,null,null,false,false,false,null
e4e13614-dc1d-493c-ac3d-9c99a6891249,BONÉ 02,BONÉS,BNE02,79.9,1,5,true,2026-01-09 17:43:59.599848+00,2026-02-24 19:17:30.549508+00,1fa90f00-cf02-4a42-8167-c599537c22bb,0,null,0.2,20,20,20,simple,,79.9,69.9,59.9,BNE02,null,[],[],bon-02,null,[],false,null,null,null,null,false,false,false,null
a340a19e-9e23-452f-a508-e989a54da2cd,BERMUDA JEANS BJ04,BERMUDA JEANS,BJ04,109.9,1,20,true,2026-01-07 19:05:10.572175+00,2026-02-24 19:17:30.549508+00,1fa90f00-cf02-4a42-8167-c599537c22bb,0,null,0.3,20,20,20,variable,,109.9,79.9,69.9,BJ04,null,[],[],bermuda-jeans-bj04,null,[],false,null,null,null,null,false,false,false,null
8243e609-4da8-426b-bcdf-ad0b0312389a,CALÇA JEANS SLIN CS04,CALÇA JEANS SLIM,CS04,169.9,6,20,true,2026-01-07 12:38:14.584304+00,2026-02-24 19:17:30.549508+00,1fa90f00-cf02-4a42-8167-c599537c22bb,0,null,0.4,20,20,20,variable,,169.9,109.9,99.9,CS04,null,[],[],cala-jeans-slin-cs04,null,[],false,null,null,null,null,false,false,false,null
5081b20a-396c-47db-826f-a933d6771494,CALÇA JEANS SLIN CS14,CALÇA JEANS SLIM,CS14,169.9,1,20,true,2026-01-07 12:49:19.890849+00,2026-02-24 19:17:30.549508+00,1fa90f00-cf02-4a42-8167-c599537c22bb,0,null,0.4,20,20,20,variable,,169.9,109.9,99.9,CS14,null,[],[],cala-jeans-slin-cs14,null,[],false,null,null,null,null,false,false,false,null
e07d9964-e4df-4c99-b282-cf062ecc2d16,CALÇA JEANS SLIN CS12,CALÇA JEANS SLIM,CS12,169.9,5,20,true,2026-01-07 12:44:35.137948+00,2026-02-24 19:17:30.549508+00,1fa90f00-cf02-4a42-8167-c599537c22bb,0,null,0.4,20,20,20,variable,,169.9,109.9,99.9,CS12,null,[],[],cala-jeans-slin-cs12,null,[],false,null,null,null,null,false,false,false,null
b2fa5765-0b21-4a30-918a-3154d4483e80,CALÇA JEANS SLIN CS11,CALÇA JEANS SLIM,CS11,169.9,1,20,true,2026-01-07 12:42:28.832616+00,2026-02-24 19:17:30.549508+00,1fa90f00-cf02-4a42-8167-c599537c22bb,0,null,0.4,20,20,20,variable,,169.9,109.9,99.9,CS11,null,[],[],cala-jeans-slin-cs11,null,[],false,null,null,null,null,false,false,false,null
e7923298-0e27-45d0-a37f-dea1c159f39c,CALÇA JEANS SLIN CS20,CALÇA JEANS SLIM,CS20,169.9,4,20,true,2026-02-07 22:30:05.944581+00,2026-02-24 19:17:30.549508+00,1fa90f00-cf02-4a42-8167-c599537c22bb,0,null,0.2,20,20,20,variable,null,169.9,109.9,99.9,CS20,null,null,null,cala-jeans-slin-cs20,null,[],false,null,null,null,null,false,false,false,null
f1f7fcd8-900a-49e2-a7dd-1893e8327ed8,SAPATO 13 - SKY032,SAPATOS,SAP13,349.9,11,10,true,2026-01-19 14:42:56.842781+00,2026-02-24 19:17:30.549508+00,1fa90f00-cf02-4a42-8167-c599537c22bb,0,null,0.35,30,20,20,variable,,349.9,299.9,299.9,SAP13,null,[],[],sapato-13-sky032,null,[],false,null,null,null,null,false,false,false,null
a6283226-6e2a-4541-b2bb-9ebf0439e659,CALÇA JEANS SLIN CS02,CALÇA JEANS SLIM,CS02,169.9,3,20,true,2026-01-07 11:51:17.797243+00,2026-02-24 19:17:30.549508+00,1fa90f00-cf02-4a42-8167-c599537c22bb,0,null,0.4,20,20,20,variable,,169.9,109.9,99.9,CS02,null,[],[],cala-jeans-slin-cs02,null,[],false,null,null,null,null,false,false,false,null
515da7e6-9c53-4865-8601-f26af80344fc,SAPATO 14,SAPATOS,SAP14,349.9,16,10,true,2026-01-19 14:49:47.56458+00,2026-02-24 19:17:30.549508+00,1fa90f00-cf02-4a42-8167-c599537c22bb,0,null,0.35,30,20,20,variable,,349.9,299.9,299.9,SAP14,null,[],[],sapato-14,null,[],false,null,null,null,null,false,false,false,null
7a658ea8-2206-4025-b7f7-e5f63a8e6258,SAPATO 20 - AVULSO,SAPATOS,SAP2038,349.9,4,10,true,2026-01-19 16:22:47.30894+00,2026-02-24 19:17:30.549508+00,1fa90f00-cf02-4a42-8167-c599537c22bb,0,null,0.35,30,20,20,simple,,349.9,299.9,299.9,SAP2038,null,[],[],sapato-20-avulso,null,[],false,null,null,null,null,false,false,false,null
1acea02f-27b8-4871-b512-c541f4b6354f,CINTO X,CINTO,CIX01,99.9,58,20,true,2026-01-13 18:02:05.111871+00,2026-02-24 19:17:30.549508+00,1fa90f00-cf02-4a42-8167-c599537c22bb,0,null,0.2,20,20,20,simple,,99.9,79.9,69.9,CIX01,null,[],[],cinto-x,null,[],false,null,null,null,null,false,false,false,null
c4cfdc3d-7c00-4d4d-97e8-f96c6b44da67,PREDEDOR DE CAMISA,ASSESSÓRIOS,PREND01,89.9,17,10,true,2026-01-09 18:15:04.444407+00,2026-02-24 19:17:30.549508+00,1fa90f00-cf02-4a42-8167-c599537c22bb,0,null,0.2,10,10,10,variable,,89.9,79.9,59.9,PREND01,null,[],[],prededor-de-camisa,null,[],false,null,null,null,null,false,false,false,null
c97a8008-37d7-4e38-9254-be1022a12db5,CALÇA JEANS SLIM CS01,CALÇA JEANS SLIM,CS01,169.9,26,20,true,2026-01-06 21:33:39.162757+00,2026-02-24 19:17:30.549508+00,1fa90f00-cf02-4a42-8167-c599537c22bb,0,null,0.3,20,20,20,variable,,169.9,109.9,99.9,CS01,null,[],[],cala-jeans-slim-cs01,null,[],false,null,null,null,null,false,false,false,null
78a00522-e6f5-4f5a-8d66-d42ce2dbca98,SAPATO 08 - DERBY MARROM,SAPATOS,SAP08,349.9,7,10,true,2026-01-19 13:55:57.866597+00,2026-02-24 19:17:30.549508+00,1fa90f00-cf02-4a42-8167-c599537c22bb,0,null,0.35,30,20,20,variable,,349.9,299.9,299.9,SAP08,null,[],[],sapato-08-derby-marrom,null,[],false,null,null,null,null,false,false,false,null
65af5b54-6c56-4018-bfe0-73289cb77f03,NECESSAIRE,ASSESSÓRIOS,NES01,149.9,4,10,true,2026-01-09 17:59:42.81846+00,2026-02-24 19:17:30.549508+00,1fa90f00-cf02-4a42-8167-c599537c22bb,0,null,0.2,20,20,20,variable,,149.9,119.9,109.9,NES01,null,[],[],necessaire,null,[],false,null,null,null,null,false,false,false,null
31f28bf5-dbef-4416-b256-aa7aa862569f,CALÇA JEANS SLIN CS21,CALÇA JEANS SLIM,CS21,169.9,2,20,true,2026-02-07 22:39:58.205886+00,2026-02-24 19:17:30.549508+00,1fa90f00-cf02-4a42-8167-c599537c22bb,0,null,0.2,20,20,20,variable,null,169.9,109.9,99.9,CS21,null,null,null,cala-jeans-slin-cs21,null,[],false,null,null,null,null,false,false,false,null
caacd669-b2d6-4d23-9337-5cfb123c63ca,BONÉ 03,BONÉS,BNE03,79.9,1,5,true,2026-01-09 17:45:26.926642+00,2026-02-24 19:17:30.549508+00,1fa90f00-cf02-4a42-8167-c599537c22bb,0,null,0.2,20,20,20,simple,,79.9,69.9,59.9,BNE03,null,[],[],bon-03,null,[],false,null,null,null,null,false,false,false,null
bda4f30b-ada1-4026-859e-f808efba38df,BONÉ 04,BONÉS,BNE04,79.9,1,5,true,2026-01-09 17:46:24.641442+00,2026-02-24 19:17:30.549508+00,1fa90f00-cf02-4a42-8167-c599537c22bb,0,null,0.2,20,20,20,simple,,79.9,69.9,59.9,BNE04,null,[],[],bon-04,null,[],false,null,null,null,null,false,false,false,null
46a4fdb6-a3a1-49b3-94f3-4010604574e2,CALÇA ALFAIATARIA TECNOLOGIA,CALÇA ALFAIATARIA,CAT01,259.9,11,20,true,2026-01-09 18:02:39.28917+00,2026-02-24 19:17:30.549508+00,1fa90f00-cf02-4a42-8167-c599537c22bb,0,null,0.4,20,20,20,variable,,259.9,209.9,199.9,CAT01,null,[],[],cala-alfaiataria-tecnologia,null,[],false,null,null,null,null,false,false,false,null
06f3f6e2-4516-4f42-951f-0a4dc2bedb00,CAMISETA BÁSICA TEXTURIZADA,CAMISETA BÁSICA,CBT001,109.9,20,30,true,2026-01-05 20:24:32.968139+00,2026-02-24 19:17:30.549508+00,1fa90f00-cf02-4a42-8167-c599537c22bb,0,null,0.2,20,20,20,variable,,109.9,79.9,69.9,CBT001,null,[],[],camiseta-bsica-texturizada,null,[],false,null,null,null,null,false,false,false,null
057a133c-b1fa-4aeb-ad57-6e043379a5c9,SAPATO 06 - SOCIAL PRETO,SAPATOS,SAP06,349.9,14,10,true,2026-01-19 18:43:12.167942+00,2026-02-24 19:17:30.549508+00,1fa90f00-cf02-4a42-8167-c599537c22bb,0,null,0.35,30,20,20,variable,,349.9,299.9,299.9,SAP06,null,[],[],sapato-06-social-preto,null,[],false,null,null,null,null,false,false,false,null
edd8e983-5f88-42e5-a13d-c43709d36d49,SAPATO 15 - BORDO 031,SAPATOS,SAP15,349.9,4,10,true,2026-01-19 16:09:05.480101+00,2026-02-24 19:17:30.549508+00,1fa90f00-cf02-4a42-8167-c599537c22bb,0,null,0.35,30,20,20,variable,,349.9,299.9,299.9,SAP15,null,[],[],sapato-15-bordo-031,null,[],false,null,null,null,null,false,false,false,null
e9de8efa-2441-4cf9-a159-0428aaad04f8,CALÇA JEANS SLIN CS22,CALÇA JEANS SLIM,CS22,169.9,1,20,true,2026-02-07 22:42:27.299907+00,2026-02-24 19:17:30.549508+00,1fa90f00-cf02-4a42-8167-c599537c22bb,0,null,0.2,20,20,20,variable,null,169.9,109.9,99.9,CS22,null,null,null,cala-jeans-slin-cs22,null,[],false,null,null,null,null,false,false,false,null
2f899baa-01e9-4145-ad33-771aef85fee0,BERMUDA JEANS BJ03,BERMUDA JEANS,BJ03,109.9,58,20,true,2026-01-07 18:48:13.679811+00,2026-02-24 19:17:30.549508+00,1fa90f00-cf02-4a42-8167-c599537c22bb,0,null,0.3,20,20,20,variable,,109.9,79.9,69.9,BJ03,null,[],[],bermuda-jeans-bj03,null,[],false,null,null,null,null,false,false,false,null
2d2f4654-80ee-4b0c-8cb1-5b9f9e3c43ba,SAPATO 07 - DERBY PRETO,SAPATOS,SAP07,349.9,11,10,true,2026-01-19 18:56:43.897388+00,2026-02-24 19:17:30.549508+00,1fa90f00-cf02-4a42-8167-c599537c22bb,0,null,0.35,30,20,20,variable,,349.9,299.9,299.9,SAP07,null,[],[],sapato-07-derby-preto,null,[],false,null,null,null,null,false,false,false,null
3b45389d-0fe3-41c6-bf87-71ea799db70c,SAPATO 21,SAPATOS,SAP21,349.9,1,10,true,2026-02-08 13:03:52.848163+00,2026-02-24 19:17:30.549508+00,1fa90f00-cf02-4a42-8167-c599537c22bb,0,null,0.2,20,20,20,variable,null,349.9,299.9,299.9,SAP21,null,null,null,sapato-21,null,[],false,null,null,null,null,false,false,false,null
cc837787-38a1-4c92-9ced-a07b73b8f709,SAPATO 01 - BLACK,SAPATOS,SAP01,349.9,7,10,true,2026-01-19 16:44:23.605568+00,2026-02-24 19:17:30.549508+00,1fa90f00-cf02-4a42-8167-c599537c22bb,0,null,0.35,30,20,20,variable,,349.9,299.9,299.9,SAP01,null,[],[],sapato-01-black,null,[],false,null,null,null,null,false,false,false,null
a0f4284f-b51b-4ea4-af1e-71d07d9f651c,SAPATO 09 - MOURA CAFÉ,SAPATOS,SAP09,349.9,8,10,true,2026-01-19 14:05:48.457247+00,2026-02-24 19:17:30.549508+00,1fa90f00-cf02-4a42-8167-c599537c22bb,0,null,0.35,30,20,20,variable,,349.9,299.9,299.9,SAP09,null,[],[],sapato-09-moura-caf,null,[],false,null,null,null,null,false,false,false,null
14847619-f0ba-4ef9-945b-bd3567a0a535,SAPATO 22,SAPATOS,SAP22,349.9,4,10,true,2026-02-08 13:05:54.836633+00,2026-02-24 19:17:30.549508+00,1fa90f00-cf02-4a42-8167-c599537c22bb,0,null,0.2,20,20,20,variable,null,349.9,299.9,299.9,SAP22,null,null,null,sapato-22,null,[],false,null,null,null,null,false,false,false,null
a2dc9deb-310e-4274-add2-66219c224ca9,CALÇA JEANS SLIN CS23,CALÇA JEANS SLIM,CS23,169.9,4,20,true,2026-02-07 22:44:12.508095+00,2026-02-24 19:17:30.549508+00,1fa90f00-cf02-4a42-8167-c599537c22bb,0,null,0.2,20,20,20,variable,null,169.9,109.9,99.9,CS23,null,null,null,cala-jeans-slin-cs23,null,[],false,null,null,null,null,false,false,false,null
1e1fd022-62c6-4e7b-baf2-3d0abeaca35e,SAPATO 02 - SOCIAL CAFÉ,SAPATOS,SAP02,349.9,16,10,true,2026-01-19 18:12:46.914015+00,2026-02-24 19:17:30.549508+00,1fa90f00-cf02-4a42-8167-c599537c22bb,0,null,0.35,30,20,20,variable,,349.9,299.9,299.9,SAP02,null,[],[],sapato-02-social-caf,null,[],false,null,null,null,null,false,false,false,null
13f083f4-b645-4679-a6a5-b364e9fa9748,CALÇA JEANS SLIN CS07,CALÇA JEANS SLIM,CS07,169.9,4,20,true,2026-01-07 11:55:56.867793+00,2026-02-24 19:17:30.549508+00,1fa90f00-cf02-4a42-8167-c599537c22bb,0,null,0.4,20,20,20,variable,,169.9,109.9,99.9,CS07,null,[],[],cala-jeans-slin-cs07,null,[],false,null,null,null,null,false,false,false,null
2fcb8593-1ec7-4ad2-b77a-9c95f5395c94,CALÇA SLIN JEANS CS05,CALÇA JEANS SLIM,CS05,169.9,8,20,true,2026-01-07 12:08:28.911505+00,2026-02-24 19:17:30.549508+00,1fa90f00-cf02-4a42-8167-c599537c22bb,0,null,0.4,20,20,20,variable,,169.9,109.9,99.9,CS05,null,[],[],cala-slin-jeans-cs05,null,[],false,null,null,null,null,false,false,false,null
01c076d9-7dba-41d3-b685-15866a06a95c,GRAVATA,ASSESSÓRIOS,GRAV01,39.9,20,30,true,2026-01-13 17:21:38.59201+00,2026-02-24 19:17:30.549508+00,1fa90f00-cf02-4a42-8167-c599537c22bb,0,null,0.2,20,20,20,variable,,39.9,33.33,33.33,GRAV01,null,[],[],gravata,null,[],false,null,null,null,null,false,false,false,null
fbf21c13-6741-4c38-a2fa-6941c485e2b0,SAPATO 16 - BEGE 300,SAPATOS,SAP16,349.9,3,10,true,2026-01-19 16:11:55.871254+00,2026-02-24 19:17:30.549508+00,1fa90f00-cf02-4a42-8167-c599537c22bb,0,null,0.35,30,20,20,variable,,349.9,299.9,299.9,SAP16,null,[],[],sapato-16-bege-300,null,[],false,null,null,null,null,false,false,false,null
4a28516a-5c3f-46a6-8974-f41ad2f041e3,CAMISA MANGA LONGA VC,CAMISA MANGA LONGA,CMLVC01,259.9,5,30,true,2026-01-06 18:54:39.851482+00,2026-02-24 19:17:30.549508+00,1fa90f00-cf02-4a42-8167-c599537c22bb,0,null,0.2,20,20,20,variable,,259.9,209.9,199.9,CMLVC01,null,[],[],camisa-manga-longa-vc,null,[],false,null,null,null,null,false,false,false,null
fb8807f1-51fb-4fee-a305-f073ca095366,CAMISA MANGA CURTA TECNOLOGIA,CAMISA MANGA CURTA,CMCTH01,149.9,9,30,true,2026-01-06 13:15:25.305874+00,2026-02-24 19:17:30.549508+00,1fa90f00-cf02-4a42-8167-c599537c22bb,0,null,0.2,20,20,20,variable,,149.9,129.9,119.9,CMCTH01,null,[],[],camisa-manga-curta-tecnologia,null,[],false,null,null,null,null,false,false,false,null
66e737bf-65a0-4aed-b4af-9a69f19f2a24,CAMISA MANGA LONGA DE LINHO,CAMISA MANGA LONGA,CMLL01,169.9,168,30,true,2026-01-06 20:14:08.715788+00,2026-02-24 19:17:30.549508+00,1fa90f00-cf02-4a42-8167-c599537c22bb,0,null,0.2,20,20,20,variable,,169.9,109.9,99.9,CMLL01,null,[],[],camisa-manga-longa-de-linho,null,[],false,null,null,null,null,false,false,false,null
b0e565df-e753-4255-8ed1-dc0ab60a801a,CALÇA JEANS SLIN CS03,CALÇA JEANS SLIM,CS03,169.9,32,20,true,2026-01-07 12:14:39.658415+00,2026-02-24 19:17:30.549508+00,1fa90f00-cf02-4a42-8167-c599537c22bb,0,null,0.4,20,20,20,variable,,169.9,109.9,99.9,CS03,null,[],[],cala-jeans-slin-cs03,null,[],false,null,null,null,null,false,false,false,null
2ef65a4e-3f71-4756-9b9f-8a4fee80d08a,CALÇA JEANS SLIN CS08,CALÇA JEANS SLIM,CS08,169.9,33,20,true,2026-01-07 11:40:22.981818+00,2026-02-24 19:17:30.549508+00,1fa90f00-cf02-4a42-8167-c599537c22bb,0,null,0.4,20,20,20,variable,,169.9,109.9,99.9,CS08,null,[],[],cala-jeans-slin-cs08,null,[],false,null,null,null,null,false,false,false,null
2566d392-d6fe-4c14-97c9-944bb195b83d,CAMISA MANGA CURTA DE LINHO,CAMISA MANGA CURTA,CMCL001,149.9,89,30,true,2026-01-06 12:53:15.103231+00,2026-02-24 19:17:30.549508+00,1fa90f00-cf02-4a42-8167-c599537c22bb,0,null,0.2,20,20,20,variable,,149.9,99.9,89.9,CMCL001,null,[],[],camisa-manga-curta-de-linho,null,[],false,null,null,null,null,false,false,false,null
956a84e9-1c49-48ba-9cf3-690376f9dee3,CAMISA GOLA PADRE MANGA CURTA PROMOÇÃO,PROMOÇÕES,CGPPR01,79.9,4,30,true,2026-01-06 13:43:16.982507+00,2026-02-24 19:17:30.549508+00,1fa90f00-cf02-4a42-8167-c599537c22bb,0,null,0.2,20,20,20,variable,,79.9,75,75,CGPPR01,null,[],[],camisa-gola-padre-manga-curta-promoo,null,[],false,null,null,null,null,false,false,false,null
a5564b2b-6377-4cde-8773-cdc40b53b1b2,SAPATO 10 -  SNEACKER PRETO,SAPATOS,SAP10,349.9,2,10,true,2026-01-19 14:17:21.279742+00,2026-02-24 19:17:30.549508+00,1fa90f00-cf02-4a42-8167-c599537c22bb,0,null,0.35,30,20,20,variable,,349.9,299.9,299.9,SAP11,null,[],[],sapato-10-sneacker-preto,null,[],false,null,null,null,null,false,false,false,null
3a359802-8d7f-471c-9491-7eff5b4e6685,SHORT TECH,SHORT,SHT01,149.9,149,10,true,2026-01-07 14:52:31.195785+00,2026-02-24 19:17:30.549508+00,1fa90f00-cf02-4a42-8167-c599537c22bb,0,null,0.2,20,20,20,variable,,149.9,129.9,119.9,SHT01,null,[],[],short-tech,null,[],false,null,null,null,null,false,false,false,null
efd99cb1-9ca2-444d-826c-ac6c28645b53,BERMUDA ALFAIATARIA DE TECNOLOGIA,BERMUDA ALFAIATARIA,BAT01,149.9,1,10,true,2026-01-07 14:39:53.391477+00,2026-02-24 19:17:30.549508+00,1fa90f00-cf02-4a42-8167-c599537c22bb,0,null,0.3,20,20,20,variable,,149.9,129.9,119.9,BAT01,null,[],[],bermuda-alfaiataria-de-tecnologia,null,[],false,null,null,null,null,false,false,false,null
1450505f-ff49-46bf-b810-d8abd2493536,CALÇA JEANS SLIN CS24,CALÇA JEANS SLIM,CS24,169.9,2,20,true,2026-02-07 22:45:10.773788+00,2026-02-24 19:17:30.549508+00,1fa90f00-cf02-4a42-8167-c599537c22bb,0,null,0.2,20,20,20,variable,null,169.9,109.9,99.9,CS24,null,null,null,cala-jeans-slin-cs24,null,[],false,null,null,null,null,false,false,false,null
1d95100e-a8ce-4d8e-9716-6d65f5654bf8,CINTO DE COURO,CINTO,CIC01,99.9,92,20,true,2026-01-13 18:16:06.495338+00,2026-02-24 19:17:30.549508+00,1fa90f00-cf02-4a42-8167-c599537c22bb,0,null,0.2,20,20,20,variable,,99.9,79.9,69.9,CIC01,null,[],[],cinto-de-couro,null,[],false,null,null,null,null,false,false,false,null
d4621b19-92c7-4296-8a3e-4879d5504071,BERMUDA JEANS BJ10,BERMUDA JEANS,BJ10,109.9,16,20,true,2026-01-07 19:57:08.736754+00,2026-02-24 19:17:30.549508+00,1fa90f00-cf02-4a42-8167-c599537c22bb,0,null,0.3,20,20,20,variable,,109.9,79.9,69.9,"79,90",null,[],[],bermuda-jeans-bj10,null,[],false,null,null,null,null,false,false,false,null
3ebe36f8-697e-421d-bf8b-33f9d2ea6f9b,CALÇA SOCIAL TEXTURIZADA,CALÇA SOCIAL,CATEX01,269.9,1,10,true,2026-01-13 19:11:03.663416+00,2026-02-24 19:17:30.549508+00,1fa90f00-cf02-4a42-8167-c599537c22bb,0,null,0.3,20,20,20,variable,,269.9,209.9,199.9,CATEX01,null,[],[],cala-social-texturizada,null,[],false,null,null,null,null,false,false,false,null
e24ecfc8-d9a6-445e-96b5-8b9a244a6e83,MEIA INVISÍVEL,MEIA,MEI01,29.9,341,40,true,2026-01-13 17:04:54.771704+00,2026-02-24 19:17:30.549508+00,1fa90f00-cf02-4a42-8167-c599537c22bb,0,null,0.2,20,20,20,variable,,29.9,24.9,19.9,MEI01,null,[],[],meia-invisvel,null,[],false,null,null,null,null,false,false,false,null
022f1945-785e-4949-b94e-950d68cf4e77,CALÇA JEANS SLIN CS16,CALÇA JEANS SLIM,CS16,169.9,80,20,true,2026-01-13 13:09:36.212559+00,2026-02-24 19:17:30.549508+00,1fa90f00-cf02-4a42-8167-c599537c22bb,0,null,0.4,20,20,20,variable,,169.9,109.9,99.9,CS16,null,[],[],cala-jeans-slin-cs16,null,[],false,null,null,null,null,false,false,false,null
d9e26830-4851-42e8-9747-880cc262c6d1,CINTO ELASTICO,CINTO,CIE01,99.9,47,20,true,2026-01-13 18:26:17.373983+00,2026-02-24 19:17:30.549508+00,1fa90f00-cf02-4a42-8167-c599537c22bb,0,null,0.2,20,20,20,variable,,99.9,79.9,69.9,CIE01,null,[],[],cinto-elastico,null,[],false,null,null,null,null,false,false,false,null
10cb22c6-0709-404c-be02-e3f8cdcfda75,SAPATO 03 - CASTOR,SAPATOS,SAP03,349.9,4,10,true,2026-01-19 18:19:48.686155+00,2026-02-24 19:17:30.549508+00,1fa90f00-cf02-4a42-8167-c599537c22bb,0,null,0.35,30,20,20,variable,,349.9,299.9,299.9,SAP03,null,[],[],sapato-03-castor,null,[],false,null,null,null,null,false,false,false,null
bdb5407b-7a08-4513-9060-822bcdc807d2,CINTO DUPLA FACE,CINTO,CIDF01,109.9,12,20,true,2026-01-13 17:44:54.982071+00,2026-02-24 19:17:30.549508+00,1fa90f00-cf02-4a42-8167-c599537c22bb,0,null,0.25,20,20,20,variable,,109.9,99.9,89.9,CIDF01,null,[],[],cinto-dupla-face,null,[],false,null,null,null,null,false,false,false,null
94fcb04a-d7c7-48ac-aa2a-022d970ea3d9,SAPATO 11 - NOBUCK,SAPATOS,SAP11,349.9,3,10,true,2026-01-19 14:34:50.942392+00,2026-02-24 19:17:30.549508+00,1fa90f00-cf02-4a42-8167-c599537c22bb,0,null,0.35,30,20,20,variable,,349.9,299.9,299.9,SAP11,null,[],[],sapato-11-nobuck,null,[],false,null,null,null,null,false,false,false,null
7d1a0b42-71f1-4e8e-b9e8-8c35264df157,CALÇA JEANS TRADICIONAL,CALÇA JEANS TRADICIONAL,CTPR001,129.9,113,20,true,2026-01-07 17:56:35.419051+00,2026-02-24 19:17:30.549508+00,1fa90f00-cf02-4a42-8167-c599537c22bb,0,null,0.3,20,20,20,variable,,129.9,75,75,CT001,null,[],[],cala-jeans-tradicional,null,[],false,null,null,null,null,false,false,false,null
dd5abee9-ed5c-4430-9364-f05a081d1237,CALÇA JEANS SLIN CS17,CALÇA JEANS SLIM,CS17,169.9,75,20,true,2026-01-13 13:18:57.145729+00,2026-02-24 19:17:30.549508+00,1fa90f00-cf02-4a42-8167-c599537c22bb,0,null,0.4,20,20,20,variable,,169.9,109.9,99.9,CS17,null,[],[],cala-jeans-slin-cs17,null,[],false,null,null,null,null,false,false,false,null
39321048-c9c6-41c6-85ed-4de081b10a4b,MEIA SOCKET,MEIA,MES01,29.9,213,45,true,2026-01-13 17:01:21.436776+00,2026-02-24 19:17:30.549508+00,1fa90f00-cf02-4a42-8167-c599537c22bb,0,null,0.2,20,20,20,variable,,29.9,24.9,19.9,MES01,null,[],[],meia-socket,null,[],false,null,null,null,null,false,false,false,null
74da8224-641b-4992-84b7-2490744fd0af,CALÇA JEANS SLIN CS25,CALÇA JEANS SLIM,CS25,169.9,1,20,true,2026-02-07 22:46:20.555616+00,2026-02-24 19:17:30.549508+00,1fa90f00-cf02-4a42-8167-c599537c22bb,0,null,0.2,20,20,20,variable,null,169.9,109.9,99.9,CS25,null,null,null,cala-jeans-slin-cs25,null,[],false,null,null,null,null,false,false,false,null
320a4978-e25c-4686-90da-966ffa7d8023,BLAZER SOCIAL,BLAZER,BLZS01,399.9,30,100,true,2026-01-08 16:19:28.039708+00,2026-02-24 19:17:30.549508+00,1fa90f00-cf02-4a42-8167-c599537c22bb,0,null,0.5,40,40,40,variable,,399.9,359.9,349.9,BLZS01,null,[],[],blazer-social,null,[],false,null,null,null,null,false,false,false,null
2e530ef0-320b-420f-b1de-1d31777523db,GOLA POLO TECNOLOGIA BOTÃO,GOLA POLO,GPPB001,149.9,190,20,true,2026-01-05 20:41:24.592377+00,2026-02-24 19:17:30.549508+00,1fa90f00-cf02-4a42-8167-c599537c22bb,0,null,0.2,20,20,20,variable,,149.9,129.9,119.9,GPPB001,null,[],[],gola-polo-tecnologia-boto,null,[],false,null,null,null,null,false,false,false,null
d947b898-48f8-40b8-9c64-7af6ba775696,CUECA,CUECA FDG,CUE01,29.9,1947,235,true,2026-01-13 14:27:42.763361+00,2026-02-24 19:17:30.549508+00,1fa90f00-cf02-4a42-8167-c599537c22bb,0,null,0.2,20,20,20,variable,,29.9,24.9,19.9,CUE01,null,[],[],cueca,null,[],false,null,null,null,null,false,false,false,null
ea9049a1-c852-4292-9911-8b493e779721,SHORT DE LINHO,SHORT,SHL01,109.9,236,85,true,2026-01-07 13:02:14.107246+00,2026-02-27 14:27:43.313837+00,1fa90f00-cf02-4a42-8167-c599537c22bb,0,null,0.3,20,20,20,variable,,109.9,79.9,69.9,SHL01,null,[],[],short-de-linho,null,[],false,null,null,null,null,false,false,false,null
8cacd870-c854-4d82-8e42-bc3a9c9e2a92,CAMISA MANGA CURTA,CAMISA MANGA CURTA,CMC001,149.9,92,90,true,2026-01-06 12:17:05.73989+00,2026-02-24 19:17:30.549508+00,1fa90f00-cf02-4a42-8167-c599537c22bb,0,null,0.2,20,20,20,variable,,149.9,99.9,89.9,CMC001,null,[],[],camisa-manga-curta,null,[],false,null,null,null,null,false,false,false,null
54088120-97c3-423c-adda-76febb0ff5ad,CALÇA CIGARRETE,CALÇA CIGARRETE,CIG01,169.9,372,355,true,2026-01-08 19:30:39.900481+00,2026-02-24 19:17:30.549508+00,1fa90f00-cf02-4a42-8167-c599537c22bb,0,null,0.4,20,20,20,variable,,169.9,109.9,99.9,CIG01,null,[],[],cala-cigarrete,null,[],false,null,null,null,null,false,false,false,null
9ed93269-6591-4ab6-a5c1-5e4931d84f06,CAMISA MANGA LONGA CK,CAMISA MANGA LONGA,CMLCK01,169.9,58,30,true,2026-01-06 18:59:05.341696+00,2026-02-24 19:17:30.549508+00,1fa90f00-cf02-4a42-8167-c599537c22bb,0,null,0.2,20,20,20,variable,,169.9,109.9,99.9,CMLCK01,null,[],[],camisa-manga-longa-ck,null,[],false,null,null,null,null,false,false,false,null
6a2a940e-dee5-409d-8746-319306110aad,GOLA POLO TECNOLOGIA ZÍPER,GOLA POLO,GPPZ001,149.9,42,20,true,2026-01-05 21:13:06.758652+00,2026-02-24 19:17:30.549508+00,1fa90f00-cf02-4a42-8167-c599537c22bb,0,null,null,null,null,null,variable,,149.9,129.9,119.9,GPPZ001,null,[],[],gola-polo-tecnologia-zper,null,[],false,null,null,null,null,false,false,false,null
10732209-0f46-4a3a-ba9a-be65edf23eef,GOLA POLO  CONFORT,GOLA POLO,GP001,99.9,162,150,true,2026-01-06 11:27:15.087131+00,2026-02-24 19:17:30.549508+00,1fa90f00-cf02-4a42-8167-c599537c22bb,0,null,0.2,20,20,20,variable,,99.9,69.9,59.9,GP001,null,[],[],gola-polo-confort,null,[],false,null,null,null,null,false,false,false,null
9a2e101e-00d8-4b36-82c4-7f562d4fa5fa,BERMUDA JEANS BJ05,BERMUDA JEANS,BJ05,109.9,95,20,true,2026-01-07 19:09:46.540737+00,2026-02-24 19:17:30.549508+00,1fa90f00-cf02-4a42-8167-c599537c22bb,0,null,0.3,20,20,20,variable,,109.9,79.9,69.9,BJ05,null,[],[],bermuda-jeans-bj05,null,[],false,null,null,null,null,false,false,false,null
60ca0f54-cd06-4544-b7d9-a22ad3e10f72,CAMISA MANGA LONGA GOLA PADRE,CAMISA MANGA LONGA,CMLP01,169.9,55,30,true,2026-01-06 19:21:03.851887+00,2026-02-24 19:17:30.549508+00,1fa90f00-cf02-4a42-8167-c599537c22bb,0,null,0.2,20,20,20,variable,,169.9,109.9,99.9,CMLP01,null,[],[],camisa-manga-longa-gola-padre,null,[],false,null,null,null,null,false,false,false,null
df14a5eb-db10-4f6f-8c86-46b682a59cc7,Produto Teste 01,ASSESSÓRIOS,PT01FDG,189.9,48,10,true,2026-01-29 12:28:06.48392+00,2026-02-24 19:17:30.549508+00,1fa90f00-cf02-4a42-8167-c599537c22bb,0,null,0.2,20,20,20,variable,"https://ovpfcyqudltassvckvxk.supabase.co/storage/v1/object/public/img-products/1769689683036_ChatGPT_Image_26_de_jan._de_2026,_14_55_53.png",189.9,169.9,159.9,PT01FDG,null,null,null,produto-teste-01,null,[],false,null,null,null,null,false,false,false,null
72af4ce9-c6c5-417e-a8cc-d50a29aabdb0,PRODUTO TESTE 30000,ASSESSÓRIOS,PTFDG02,0.1,38,20,true,2026-01-29 12:31:28.917607+00,2026-02-25 11:09:58.451581+00,1fa90f00-cf02-4a42-8167-c599537c22bb,0,null,0.2,20,20,20,variable,"https://ovpfcyqudltassvckvxk.supabase.co/storage/v1/object/public/img-products/1769689885222_ChatGPT_Image_26_de_jan._de_2026,_14_43_02.png",0.1,0.1,0.1,PTFDG02,null,null,null,produto-teste-020,null,"[""new""]",false,null,null,null,null,true,true,false,https://www.youtube.com/watch?v=gTsizGoUC_o
09ae825d-5a00-4531-a4db-62d4cb27cbc6,BERMUDA JEANS BJ11,BERMUDA JEANS,BJ011,109.9,3,20,true,2026-02-07 22:13:13.953997+00,2026-02-24 19:17:30.549508+00,1fa90f00-cf02-4a42-8167-c599537c22bb,0,null,0.2,20,20,20,variable,null,109.9,79.9,69.9,BJ011,null,null,null,bermuda-jeans-bj11,null,[],false,null,null,null,null,false,false,false,null